{"cameraMode":{"drawMode":0,"name":"Shaded","section":"Shading Mode"},"sceneLighting":false,"audioPlay":false,"sceneViewState":{"m_AlwaysRefresh":false,"showFog":true,"showSkybox":false,"showFlares":true,"showImageEffects":true,"showParticleSystems":true,"showVisualEffectGraphs":true,"m_FxEnabled":true},"in2DMode":false,"pivot":{"x":-5.358322620391846,"y":1.452697515487671,"z":11.533873558044434},"rotation":{"x":0.026738889515399934,"y":0.9592183828353882,"z":-0.26424115896224978,"w":0.0970236212015152},"size":1.2629376649856568,"orthographic":false}